gtime,period,x,y,result
0.7333333333333343,1,-0.4847222222222222,0,missed
1.4166666666666643,1,-0.47048611111111116,1,made
3.066666666666663,1,-0.43611111111111117,1,made
6.100000000000001,1,-0.3729166666666666,1,made
8.700000000000003,1,-0.3187499999999999,1,made
9.68333333333333,1,-0.29826388888888894,1,made
11.333333333333336,1,-0.26388888888888884,1,made
11.883333333333333,1,-0.25243055555555555,1,made
16.416666666666668,2,-0.15798611111111108,0,missed
16.583333333333332,2,-0.15451388888888892,0,missed
17.633333333333333,2,-0.1326388888888889,1,made
21.4,2,-0.054166666666666696,1,made
21.816666666666666,2,-0.045486111111111116,1,made
22.8,2,-0.024999999999999984,0,missed
23.516666666666666,2,-0.010069444444444464,1,made
23.933333333333334,2,-0.001388888888888884,0,missed
28.083333333333332,3,0.08506944444444442,0,missed
30.5,3,0.13541666666666666,0,missed
33.85,3,0.20520833333333333,0,missed
35.15,3,0.23229166666666667,0,missed
0.5499999999999972,1,-0.4885416666666667,0,missed
1.5166666666666657,1,-0.4684027777777778,1,made
2.8999999999999986,1,-0.4395833333333334,0,missed
3.316666666666663,1,-0.43090277777777786,1,made
4.433333333333337,1,-0.40763888888888883,0,missed
6.549999999999997,1,-0.3635416666666667,1,made
8.600000000000001,1,-0.3208333333333333,1,made
16.2,2,-0.1625,1,made
20.333333333333332,2,-0.07638888888888891,1,made
21.78333333333333,2,-0.04618055555555559,0,missed
22.6,2,-0.029166666666666636,0,missed
23.766666666666666,2,-0.004861111111111131,0,missed
25.983333333333334,3,0.041319444444444464,1,made
26.95,3,0.061458333333333316,0,missed
28.28333333333333,3,0.08923611111111107,1,made
30.066666666666666,3,0.12638888888888888,0,missed
31.516666666666666,3,0.1565972222222222,1,made
33,3,0.1875,1,made
33.45,3,0.196875,1,made
34.7,3,0.22291666666666665,1,made
35.46666666666667,3,0.2388888888888889,0,missed
35.983333333333334,3,0.24965277777777775,0,missed
40.81666666666666,4,0.3503472222222222,0,missed
43.416666666666664,4,0.4045138888888889,0,missed
43.46666666666667,4,0.4055555555555556,1,made
43.93333333333334,4,0.4152777777777778,0,missed
46.233333333333334,4,0.46319444444444446,0,missed
1.4833333333333343,1,-0.4690972222222222,0,missed
1.8999999999999986,1,-0.4604166666666667,1,made
2.866666666666667,1,-0.44027777777777777,1,made
4.600000000000001,1,-0.4041666666666666,1,made
5.383333333333333,1,-0.38784722222222223,1,made
5.833333333333336,1,-0.37847222222222215,1,made
6.783333333333331,1,-0.3586805555555556,0,missed
6.983333333333334,1,-0.35451388888888885,1,made
7.899999999999999,1,-0.3354166666666667,0,missed
8.866666666666667,1,-0.31527777777777777,1,made
9.766666666666666,1,-0.2965277777777778,1,made
10.416666666666664,1,-0.28298611111111116,0,missed
11.25,1,-0.265625,1,made
11.450000000000003,1,-0.2614583333333333,0,missed
16.366666666666667,2,-0.15902777777777777,0,missed
16.53333333333333,2,-0.15555555555555559,0,missed
17.616666666666667,2,-0.1329861111111111,1,made
20.566666666666666,2,-0.07152777777777779,0,missed
22.633333333333333,2,-0.028472222222222232,1,made
23.416666666666668,2,-0.012152777777777754,1,made
23.933333333333334,2,-0.001388888888888884,0,missed
25.71666666666667,3,0.03576388888888893,1,made
27.433333333333334,3,0.07152777777777779,1,made
28.35,3,0.09062500000000002,0,missed
29.53333333333333,3,0.11527777777777774,0,missed
29.633333333333333,3,0.1173611111111111,0,missed
30.75,3,0.140625,0,missed
31.4,3,0.15416666666666665,0,missed
33,3,0.1875,0,missed
34.88333333333333,3,0.2267361111111111,0,missed
38.86666666666667,4,0.30972222222222223,0,missed
39.016666666666666,4,0.3128472222222222,1,made
39.71666666666667,4,0.32743055555555556,1,made
40.06666666666666,4,0.3347222222222222,1,made
40.68333333333334,4,0.34756944444444443,0,missed
42.333333333333336,4,0.3819444444444444,0,missed
43.75,4,0.4114583333333333,1,made
44.18333333333333,4,0.4204861111111111,1,made
44.75,4,0.4322916666666667,1,made
45.35,4,0.4447916666666667,0,missed
45.9,4,0.45625,0,missed
46.65,4,0.471875,1,made
47.25,4,0.484375,0,missed
0.7833333333333314,1,-0.4836805555555556,0,missed
2.1000000000000014,1,-0.45625,1,made
4.916666666666664,1,-0.3975694444444445,1,made
7.316666666666663,1,-0.34756944444444454,1,made
10.700000000000003,1,-0.2770833333333333,1,made
11.083333333333336,1,-0.26909722222222215,1,made
16.5,2,-0.15625,0,missed
19.233333333333334,2,-0.09930555555555554,0,missed
22.4,2,-0.03333333333333336,0,missed
22.816666666666666,2,-0.024652777777777784,0,missed
23.516666666666666,2,-0.010069444444444464,0,missed
25.46666666666667,3,0.030555555555555596,1,made
27.166666666666664,3,0.06597222222222217,1,made
31.166666666666668,3,0.14930555555555558,0,missed
31.96666666666667,3,0.16597222222222227,0,missed
34.38333333333333,3,0.21631944444444443,1,made
35.1,3,0.23124999999999998,1,made
43.53333333333333,4,0.4069444444444444,1,made
44.53333333333333,4,0.42777777777777776,1,made
2.7833333333333314,1,-0.44201388888888893,0,missed
4.416666666666664,1,-0.40798611111111116,1,made
6.200000000000003,1,-0.3708333333333333,0,missed
7.666666666666664,1,-0.34027777777777785,0,missed
7.766666666666666,1,-0.33819444444444446,0,missed
9.216666666666669,1,-0.30798611111111107,0,missed
15.700000000000003,2,-0.1729166666666666,1,made
17.683333333333334,2,-0.13159722222222223,1,made
18.916666666666668,2,-0.10590277777777775,0,missed
19.916666666666668,2,-0.08506944444444442,0,missed
20.233333333333334,2,-0.07847222222222221,1,made
21.266666666666666,2,-0.056944444444444464,1,made
23.433333333333334,2,-0.01180555555555555,1,made
27.383333333333333,3,0.0704861111111111,1,made
27.766666666666666,3,0.07847222222222221,0,missed
1.3999999999999986,1,-0.4708333333333334,1,made
3.066666666666663,1,-0.43611111111111117,1,made
4.183333333333337,1,-0.41284722222222214,1,made
4.549999999999997,1,-0.4052083333333334,1,made
10.233333333333334,1,-0.28680555555555554,0,missed
11.43333333333333,1,-0.2618055555555556,0,missed
18.416666666666668,2,-0.11631944444444442,0,missed
18.71666666666667,2,-0.1100694444444444,1,made
19.083333333333332,2,-0.10243055555555558,1,made
20.366666666666667,2,-0.07569444444444444,1,made
23.966666666666665,2,-6.94444444444479e-4,0,missed
25.53333333333333,3,0.03194444444444441,0,missed
25.96666666666667,3,0.040972222222222264,1,made
28.8,3,0.10000000000000002,0,missed
30.25,3,0.13020833333333334,0,missed
33.65,3,0.20104166666666667,1,made
34.78333333333333,3,0.22465277777777778,0,missed
35.46666666666667,3,0.2388888888888889,0,missed
40.233333333333334,4,0.33819444444444446,0,missed
40.766666666666666,4,0.34930555555555554,0,missed
43.13333333333333,4,0.3986111111111111,0,missed
43.31666666666666,4,0.40243055555555557,0,missed
44.766666666666666,4,0.43263888888888885,1,made
46.13333333333333,4,0.4611111111111111,0,missed
46.95,4,0.47812499999999997,1,made
47.55,4,0.49062500000000003,1,made
47.63333333333333,4,0.4923611111111111,0,missed
47.8,4,0.49583333333333335,0,missed
47.96666666666667,4,0.4993055555555555,0,missed
1.2999999999999972,1,-0.4729166666666667,1,made
2.433333333333337,1,-0.44930555555555546,0,missed
3.6499999999999986,1,-0.4239583333333334,0,missed
5.899999999999999,1,-0.3770833333333334,0,missed
7.433333333333337,1,-0.34513888888888883,1,made
9.43333333333333,1,-0.3034722222222223,0,missed
11,1,-0.2708333333333333,1,made
11.31666666666667,1,-0.26423611111111106,0,missed
11.516666666666666,1,-0.26006944444444446,1,made
18.78333333333333,2,-0.1086805555555556,0,missed
18.9,2,-0.10625000000000002,0,missed
19.083333333333332,2,-0.10243055555555558,0,missed
19.15,2,-0.1010416666666667,1,made
26.316666666666666,3,0.048263888888888884,0,missed
32.11666666666667,3,0.16909722222222223,0,missed
32.38333333333333,3,0.17465277777777777,0,missed
35.2,3,0.2333333333333333,0,missed
41.733333333333334,4,0.36944444444444446,0,missed
44.95,4,0.43645833333333334,0,missed
46.4,4,0.4666666666666666,0,missed
2.4666666666666686,1,-0.44861111111111107,0,missed
4.883333333333333,1,-0.3982638888888889,0,missed
8.583333333333336,1,-0.3211805555555555,1,made
9.600000000000001,1,-0.3,0,missed
10.966666666666669,1,-0.27152777777777776,0,missed
11.43333333333333,1,-0.2618055555555556,0,missed
11.966666666666669,1,-0.2506944444444444,0,missed
16.416666666666668,2,-0.15798611111111108,0,missed
18.366666666666667,2,-0.1173611111111111,0,missed
19.65,2,-0.09062500000000002,0,missed
21.083333333333332,2,-0.060763888888888916,1,made
22.2,2,-0.03750000000000001,0,missed
23.45,2,-0.011458333333333348,0,missed
24.78333333333333,3,0.016319444444444404,1,made
26.733333333333334,3,0.056944444444444464,1,made
27.833333333333336,3,0.07986111111111116,0,missed
28.266666666666666,3,0.08888888888888886,1,made
29.05,3,0.10520833333333335,0,missed
33.166666666666664,3,0.1909722222222222,0,missed
34.2,3,0.2125,1,made
34.81666666666666,3,0.22534722222222223,1,made
35.3,3,0.2354166666666667,0,missed
36.55,4,0.26145833333333335,0,missed
38.4,4,0.3,0,missed
38.416666666666664,4,0.3003472222222222,1,made
39.1,4,0.3145833333333333,0,missed
40.86666666666667,4,0.3513888888888889,0,missed
43.7,4,0.41041666666666665,1,made
44.1,4,0.41875,1,made
47.833333333333336,4,0.49652777777777773,0,missed
47.9,4,0.4979166666666666,0,missed
48,4,0.5,0,missed
1.3166666666666629,1,-0.47256944444444454,0,missed
3.316666666666663,1,-0.43090277777777786,0,missed
4.916666666666664,1,-0.3975694444444445,0,missed
5.433333333333337,1,-0.38680555555555546,0,missed
5.816666666666663,1,-0.37881944444444454,0,missed
6.333333333333336,1,-0.3680555555555555,1,made
6.816666666666663,1,-0.35798611111111117,0,missed
8.399999999999999,1,-0.325,1,made
11.866666666666667,1,-0.25277777777777777,0,missed
18.233333333333334,2,-0.12013888888888886,0,missed
18.65,2,-0.11145833333333337,1,made
20.05,2,-0.08229166666666665,1,made
20.53333333333333,2,-0.07222222222222226,0,missed
21.333333333333332,2,-0.05555555555555558,1,made
21.766666666666666,2,-0.0465277777777778,1,made
22.133333333333333,2,-0.038888888888888896,0,missed
22.966666666666665,2,-0.021527777777777812,1,made
23.383333333333333,2,-0.012847222222222232,0,missed
23.466666666666665,2,-0.011111111111111146,0,missed
25.45,3,0.03020833333333332,1,made
26.483333333333334,3,0.05173611111111113,1,made
28.65,3,0.09687499999999998,0,missed
31.95,3,0.165625,0,missed
32.5,3,0.17708333333333334,0,missed
32.983333333333334,3,0.1871527777777778,0,missed
34.45,3,0.2177083333333333,0,missed
42.88333333333333,4,0.39340277777777777,0,missed
43.31666666666666,4,0.40243055555555557,1,made
45.81666666666667,4,0.4545138888888889,0,missed
2,1,-0.4583333333333333,1,made
3.383333333333333,1,-0.4295138888888889,1,made
3.866666666666667,1,-0.41944444444444445,1,made
4.283333333333331,1,-0.41076388888888893,0,missed
4.383333333333333,1,-0.40868055555555555,0,missed
5.549999999999997,1,-0.3843750000000001,1,made
10.366666666666667,1,-0.28402777777777777,0,missed
18.566666666666666,2,-0.11319444444444444,0,missed
20.016666666666666,2,-0.08298611111111114,1,made
22.683333333333334,2,-0.027430555555555552,0,missed
24.616666666666667,3,0.012847222222222232,0,missed
26.3,3,0.047916666666666684,1,made
26.9,3,0.06041666666666664,0,missed
28.45,3,0.09270833333333332,0,missed
30.416666666666668,3,0.13368055555555558,0,missed
30.983333333333334,3,0.14548611111111112,0,missed
32.43333333333334,3,0.17569444444444446,0,missed
37.25,4,0.2760416666666667,1,made
38.733333333333334,4,0.3069444444444444,0,missed
39.03333333333333,4,0.31319444444444444,0,missed
40.53333333333333,4,0.3444444444444444,1,made
41.166666666666664,4,0.3576388888888889,0,missed
41.666666666666664,4,0.3680555555555556,1,made
42.266666666666666,4,0.38055555555555554,0,missed
42.88333333333333,4,0.39340277777777777,1,made
43.4,4,0.4041666666666666,1,made
44.4,4,0.425,0,missed
47.45,4,0.48854166666666665,1,made
47.88333333333333,4,0.49756944444444445,0,missed
2.7166666666666686,1,-0.44340277777777776,1,made
4.850000000000001,1,-0.3989583333333333,1,made
5.983333333333334,1,-0.3753472222222222,1,made
6.383333333333333,1,-0.3670138888888889,0,missed
7.450000000000003,1,-0.3447916666666666,0,missed
9.266666666666666,1,-0.30694444444444446,0,missed
9.75,1,-0.296875,1,made
10.549999999999997,1,-0.2802083333333334,0,missed
11.966666666666669,1,-0.2506944444444444,1,made
17.616666666666667,2,-0.1329861111111111,0,missed
17.95,2,-0.1260416666666667,0,missed
19.433333333333334,2,-0.09513888888888888,0,missed
20.133333333333333,2,-0.08055555555555556,0,missed
22.816666666666666,2,-0.024652777777777784,0,missed
24.9,3,0.01874999999999997,0,missed
27.483333333333334,3,0.07256944444444446,0,missed
0.21666666666666856,1,-0.49548611111111107,0,missed
2.2166666666666686,1,-0.4538194444444444,1,made
3.7833333333333314,1,-0.4211805555555556,0,missed
5.700000000000003,1,-0.3812499999999999,1,made
6.633333333333333,1,-0.36180555555555555,0,missed
16.083333333333332,2,-0.16493055555555558,1,made
17.566666666666666,2,-0.13402777777777777,1,made
17.95,2,-0.1260416666666667,0,missed
19.15,2,-0.1010416666666667,0,missed
21.116666666666667,2,-0.06006944444444443,0,missed
26.516666666666666,3,0.052430555555555536,0,missed
26.683333333333334,3,0.05590277777777778,1,made
27.95,3,0.08229166666666665,1,made
29.366666666666667,3,0.11180555555555556,1,made
29.583333333333332,3,0.11631944444444442,1,made
35.5,3,0.23958333333333334,1,made
35.95,3,0.2489583333333333,0,missed
2.950000000000003,1,-0.4385416666666666,0,missed
3.0333333333333314,1,-0.4368055555555556,0,missed
6.649999999999999,1,-0.3614583333333334,1,made
9.366666666666667,1,-0.3048611111111111,0,missed
9.916666666666664,1,-0.29340277777777785,0,missed
16.266666666666666,2,-0.16111111111111112,0,missed
18.016666666666666,2,-0.12465277777777779,1,made
19,2,-0.10416666666666667,0,missed
21.35,2,-0.055208333333333304,0,missed
23.95,2,-0.0010416666666666814,0,missed
26.616666666666667,3,0.054513888888888896,1,made
29.35,3,0.11145833333333337,0,missed
30.883333333333333,3,0.14340277777777777,1,made
32.11666666666667,3,0.16909722222222223,0,missed
35.43333333333334,3,0.23819444444444446,1,made
35.95,3,0.2489583333333333,0,missed
0.6833333333333371,1,-0.48576388888888883,0,missed
2.450000000000003,1,-0.4489583333333333,1,made
8.483333333333334,1,-0.32326388888888885,1,made
9.633333333333333,1,-0.29930555555555555,1,made
11.266666666666666,1,-0.2652777777777778,0,missed
11.75,1,-0.2552083333333333,0,missed
15.816666666666663,2,-0.1704861111111112,1,made
16.816666666666666,2,-0.14965277777777777,0,missed
16.883333333333333,2,-0.1482638888888889,0,missed
19.483333333333334,2,-0.09409722222222221,0,missed
19.53333333333333,2,-0.0930555555555556,1,made
22,2,-0.041666666666666664,0,missed
25.733333333333334,3,0.03611111111111113,0,missed
26.583333333333336,3,0.053819444444444496,0,missed
33.766666666666666,3,0.2034722222222222,0,missed
36,3,0.25,0,missed
36.25,4,0.2552083333333333,1,made
38.81666666666666,4,0.30868055555555557,0,missed
41.016666666666666,4,0.35451388888888885,0,missed
41.46666666666667,4,0.36388888888888893,1,made
44.8,4,0.43333333333333335,0,missed
45.1,4,0.4395833333333334,1,made
46.21666666666667,4,0.4628472222222222,0,missed
47.11666666666667,4,0.48159722222222223,0,missed
3.116666666666667,1,-0.43506944444444445,0,missed
3.9833333333333343,1,-0.41701388888888885,1,made
6.100000000000001,1,-0.3729166666666666,0,missed
6.366666666666667,1,-0.3673611111111111,0,missed
8.600000000000001,1,-0.3208333333333333,0,missed
9.166666666666664,1,-0.30902777777777785,0,missed
11.450000000000003,1,-0.2614583333333333,0,missed
19.2,2,-0.10000000000000002,0,missed
19.55,2,-0.09270833333333332,1,made
21.483333333333334,2,-0.052430555555555536,1,made
23.283333333333335,2,-0.014930555555555522,1,made
24.55,3,0.011458333333333348,0,missed
24.983333333333334,3,0.020486111111111132,0,missed
29.066666666666666,3,0.10555555555555556,0,missed
30.233333333333334,3,0.12986111111111112,0,missed
30.7,3,0.1395833333333333,1,made
31.816666666666666,3,0.16284722222222223,1,made
33.2,3,0.19166666666666665,0,missed
33.6,3,0.19999999999999998,0,missed
34.733333333333334,3,0.22361111111111112,0,missed
35.4,3,0.23750000000000002,1,made
41.3,4,0.36041666666666666,0,missed
41.35,4,0.3614583333333334,0,missed
44.733333333333334,4,0.43194444444444446,0,missed
45.78333333333333,4,0.4538194444444444,0,missed
46.766666666666666,4,0.47430555555555554,1,made
2.450000000000003,1,-0.4489583333333333,0,missed
4.083333333333336,1,-0.4149305555555555,1,made
4.350000000000001,1,-0.409375,0,missed
10.399999999999999,1,-0.2833333333333334,1,made
11.516666666666666,1,-0.26006944444444446,0,missed
20.96666666666667,2,-0.0631944444444444,0,missed
21.983333333333334,2,-0.04201388888888887,1,made
22.3,2,-0.03541666666666665,1,made
23.166666666666668,2,-0.017361111111111088,0,missed
25,3,0.020833333333333332,0,missed
25.483333333333334,3,0.030902777777777796,1,made
29.083333333333332,3,0.10590277777777775,0,missed
31.083333333333332,3,0.14756944444444442,0,missed
40.21666666666667,4,0.33784722222222224,0,missed
43.666666666666664,4,0.40972222222222227,1,made
45.833333333333336,4,0.4548611111111111,1,made
46.6,4,0.4708333333333334,0,missed
0.75,1,-0.484375,0,missed
1.8833333333333329,1,-0.4607638888888889,0,missed
3.6000000000000014,1,-0.425,0,missed
5.200000000000003,1,-0.3916666666666666,0,missed
8.116666666666667,1,-0.33090277777777777,0,missed
9.399999999999999,1,-0.3041666666666667,0,missed
11.416666666666664,1,-0.26215277777777785,1,made
11.966666666666669,1,-0.2506944444444444,0,missed
24.55,3,0.011458333333333348,0,missed
25.733333333333334,3,0.03611111111111113,0,missed
26.05,3,0.04270833333333335,0,missed
29.433333333333334,3,0.11319444444444444,0,missed
31,3,0.14583333333333334,1,made
33.666666666666664,3,0.20138888888888887,1,made
34.55,3,0.2197916666666667,0,missed
35.233333333333334,3,0.23402777777777775,1,made
35.45,3,0.23854166666666665,1,made
39.8,4,0.32916666666666666,1,made
40.75,4,0.3489583333333333,1,made
41.53333333333333,4,0.36527777777777776,0,missed
43.71666666666667,4,0.41076388888888893,1,made
44.95,4,0.43645833333333334,0,missed
45.36666666666667,4,0.4451388888888889,0,missed
46.78333333333333,4,0.4746527777777778,1,made
47.53333333333333,4,0.4902777777777778,1,made
1.6166666666666671,1,-0.46631944444444445,1,made
3.183333333333337,1,-0.43368055555555546,1,made
6.516666666666666,1,-0.36423611111111115,1,made
9.483333333333334,1,-0.30243055555555554,1,made
16.983333333333334,2,-0.14618055555555554,0,missed
18.28333333333333,2,-0.11909722222222226,0,missed
18.46666666666667,2,-0.11527777777777774,0,missed
19.25,2,-0.09895833333333333,0,missed
19.766666666666666,2,-0.08819444444444446,0,missed
20.166666666666668,2,-0.07986111111111109,0,missed
20.95,2,-0.06354166666666668,0,missed
23.983333333333334,2,-3.472222222222025e-4,1,made
26.1,3,0.04375000000000003,0,missed
29.6,3,0.1166666666666667,0,missed
30.733333333333334,3,0.1402777777777778,0,missed
34.36666666666667,3,0.21597222222222223,0,missed
35.416666666666664,3,0.2378472222222222,1,made
40.68333333333334,4,0.34756944444444443,0,missed
40.7,4,0.34791666666666665,1,made
41.43333333333334,4,0.36319444444444443,1,made
42.88333333333333,4,0.39340277777777777,1,made
43.95,4,0.41562499999999997,1,made
44.45,4,0.42604166666666665,1,made
45.4,4,0.4458333333333333,0,missed
3.6000000000000014,1,-0.425,0,missed
5.700000000000003,1,-0.3812499999999999,0,missed
8.649999999999999,1,-0.3197916666666667,1,made
11.483333333333334,1,-0.26076388888888885,1,made
20.366666666666667,2,-0.07569444444444444,1,made
21.21666666666667,2,-0.05798611111111107,0,missed
23.416666666666668,2,-0.012152777777777754,0,missed
23.916666666666668,2,-0.0017361111111110865,0,missed
34.55,3,0.2197916666666667,1,made
35.45,3,0.23854166666666665,0,missed
39.516666666666666,4,0.3232638888888889,0,missed
40,4,0.3333333333333333,1,made
41.483333333333334,4,0.36423611111111115,0,missed
44.45,4,0.42604166666666665,0,missed
1.3999999999999986,1,-0.4708333333333334,0,missed
1.9833333333333343,1,-0.45868055555555554,1,made
4.149999999999999,1,-0.4135416666666667,0,missed
6.216666666666669,1,-0.37048611111111107,0,missed
7.75,1,-0.3385416666666667,0,missed
9.983333333333334,1,-0.29201388888888885,1,made
16.85,2,-0.1489583333333333,1,made
18.75,2,-0.109375,1,made
19.25,2,-0.09895833333333333,1,made
21.116666666666667,2,-0.06006944444444443,0,missed
27.21666666666667,3,0.06701388888888893,0,missed
28.883333333333333,3,0.1017361111111111,0,missed
28.96666666666667,3,0.10347222222222226,1,made
31.15,3,0.1489583333333333,0,missed
32.56666666666666,3,0.17847222222222223,1,made
33.733333333333334,3,0.2027777777777778,1,made
34.916666666666664,3,0.22743055555555555,0,missed
40.7,4,0.34791666666666665,0,missed
47.233333333333334,4,0.4840277777777778,1,made
47.61666666666667,4,0.4920138888888889,0,missed
1.7166666666666686,1,-0.46423611111111107,0,missed
4.049999999999997,1,-0.4156250000000001,1,made
5.733333333333334,1,-0.38055555555555554,1,made
8.883333333333333,1,-0.31493055555555555,0,missed
19.116666666666667,2,-0.1017361111111111,0,missed
19.133333333333333,2,-0.1013888888888889,0,missed
19.683333333333334,2,-0.08993055555555556,1,made
20.46666666666667,2,-0.07361111111111107,0,missed
22.216666666666665,2,-0.03715277777777781,1,made
22.7,2,-0.027083333333333348,0,missed
23.183333333333334,2,-0.017013888888888884,0,missed
23.45,2,-0.011458333333333348,0,missed
25.316666666666666,3,0.027430555555555552,0,missed
27.366666666666667,3,0.0701388888888889,1,made
29.05,3,0.10520833333333335,1,made
29.633333333333333,3,0.1173611111111111,1,made
29.766666666666666,3,0.12013888888888886,1,made
30.75,3,0.140625,1,made
31.933333333333334,3,0.16527777777777777,0,missed
32.666666666666664,3,0.18055555555555555,1,made
33.083333333333336,3,0.18923611111111113,0,missed
33.45,3,0.196875,1,made
35.916666666666664,3,0.24826388888888887,1,made
41.016666666666666,4,0.35451388888888885,0,missed
41.53333333333333,4,0.36527777777777776,1,made
43.31666666666666,4,0.40243055555555557,0,missed
44.46666666666667,4,0.42638888888888893,0,missed
45.13333333333333,4,0.44027777777777777,0,missed
46.05,4,0.45937500000000003,0,missed
46.36666666666667,4,0.46597222222222223,0,missed
47.36666666666667,4,0.48680555555555555,1,made
47.9,4,0.4979166666666666,0,missed
1.1833333333333371,1,-0.47534722222222214,0,missed
2.299999999999997,1,-0.4520833333333334,0,missed
3.2333333333333343,1,-0.43263888888888885,1,made
4.583333333333336,1,-0.40451388888888884,1,made
4.833333333333336,1,-0.3993055555555555,1,made
6.416666666666664,1,-0.3663194444444445,0,missed
8.583333333333336,1,-0.3211805555555555,1,made
11.483333333333334,1,-0.26076388888888885,1,made
17.65,2,-0.1322916666666667,1,made
20.95,2,-0.06354166666666668,0,missed
21.28333333333333,2,-0.056597222222222264,1,made
22.316666666666666,2,-0.03506944444444445,0,missed
23.766666666666666,2,-0.004861111111111131,0,missed
23.983333333333334,2,-3.472222222222025e-4,0,missed
25.333333333333336,3,0.02777777777777783,1,made
26.816666666666666,3,0.05868055555555555,0,missed
28.866666666666667,3,0.1013888888888889,1,made
29.416666666666668,3,0.11284722222222225,1,made
29.866666666666667,3,0.12222222222222223,0,missed
30.733333333333334,3,0.1402777777777778,0,missed
31.9,3,0.1645833333333333,0,missed
33.28333333333333,3,0.19340277777777778,0,missed
41.05,4,0.35520833333333335,1,made
45.36666666666667,4,0.4451388888888889,0,missed
45.36666666666667,4,0.4451388888888889,1,made
45.766666666666666,4,0.4534722222222222,1,made
46.85,4,0.4760416666666667,0,missed
47.88333333333333,4,0.49756944444444445,0,missed
0.11666666666666714,1,-0.49756944444444445,0,missed
1.6166666666666671,1,-0.46631944444444445,1,made
2.8500000000000014,1,-0.440625,0,missed
3.316666666666663,1,-0.43090277777777786,1,made
6.783333333333331,1,-0.3586805555555556,1,made
8.233333333333334,1,-0.3284722222222222,1,made
9.299999999999997,1,-0.3062500000000001,1,made
10.75,1,-0.2760416666666667,0,missed
17.583333333333332,2,-0.13368055555555558,1,made
19.95,2,-0.08437500000000002,0,missed
22.983333333333334,2,-0.021180555555555536,1,made
25.366666666666667,3,0.028472222222222232,0,missed
25.7,3,0.03541666666666665,1,made
28.3,3,0.08958333333333335,0,missed
29.45,3,0.11354166666666665,0,missed
30.066666666666666,3,0.12638888888888888,0,missed
31.766666666666666,3,0.16180555555555554,1,made
33.85,3,0.20520833333333333,0,missed
34.266666666666666,3,0.21388888888888888,1,made
39.78333333333333,4,0.32881944444444444,0,missed
40.8,4,0.35000000000000003,1,made
41.18333333333334,4,0.3579861111111111,1,made
42.4,4,0.3833333333333333,0,missed
42.46666666666667,4,0.38472222222222224,0,missed
43.18333333333334,4,0.3996527777777778,0,missed
43.8,4,0.41250000000000003,0,missed
44.65,4,0.4302083333333333,1,made
45.05,4,0.43854166666666666,0,missed
45.53333333333333,4,0.44861111111111107,0,missed
45.583333333333336,4,0.44965277777777773,1,made
47.416666666666664,4,0.48784722222222227,0,missed
47.85,4,0.496875,0,missed
0.23333333333333428,1,-0.49513888888888885,0,missed
1.6833333333333371,1,-0.46493055555555546,0,missed
4.116666666666667,1,-0.4142361111111111,0,missed
4.75,1,-0.4010416666666667,0,missed
5.633333333333333,1,-0.3826388888888889,0,missed
6.916666666666664,1,-0.35590277777777785,0,missed
7.533333333333331,1,-0.3430555555555556,0,missed
8.06666666666667,1,-0.3319444444444444,0,missed
16.416666666666668,2,-0.15798611111111108,1,made
17.25,2,-0.140625,0,missed
17.683333333333334,2,-0.13159722222222223,0,missed
18.083333333333332,2,-0.12326388888888891,0,missed
23.433333333333334,2,-0.01180555555555555,1,made
23.95,2,-0.0010416666666666814,0,missed
27.45,3,0.07187499999999998,1,made
27.883333333333333,3,0.08090277777777777,0,missed
29.65,3,0.1177083333333333,0,missed
30.6,3,0.13750000000000004,1,made
31.816666666666666,3,0.16284722222222223,0,missed
31.95,3,0.165625,0,missed
33.483333333333334,3,0.19756944444444446,1,made
33.71666666666667,3,0.20243055555555556,0,missed
38.733333333333334,4,0.3069444444444444,0,missed
39.95,4,0.33229166666666665,1,made
40.8,4,0.35000000000000003,1,made
41.28333333333333,4,0.3600694444444444,0,missed
41.56666666666666,4,0.3659722222222222,0,missed
42.65,4,0.3885416666666666,1,made
44.9,4,0.4354166666666666,0,missed
46.2,4,0.46249999999999997,0,missed
46.85,4,0.4760416666666667,1,made
47.766666666666666,4,0.49513888888888885,1,made
2.5333333333333314,1,-0.44722222222222224,0,missed
3.4833333333333343,1,-0.42743055555555554,1,made
5.600000000000001,1,-0.3833333333333333,1,made
6.483333333333334,1,-0.36493055555555554,0,missed
6.866666666666667,1,-0.35694444444444445,1,made
8.149999999999999,1,-0.3302083333333334,0,missed
9.399999999999999,1,-0.3041666666666667,1,made
10.483333333333334,1,-0.2815972222222222,0,missed
17.833333333333332,2,-0.12847222222222224,0,missed
19.816666666666666,2,-0.08715277777777779,0,missed
20.166666666666668,2,-0.07986111111111109,0,missed
22.05,2,-0.04062499999999999,1,made
23.1,2,-0.01874999999999997,0,missed
26.166666666666664,3,0.04513888888888884,1,made
29.9,3,0.12291666666666663,0,missed
30.483333333333334,3,0.13506944444444446,0,missed
31.816666666666666,3,0.16284722222222223,1,made
32.25,3,0.171875,0,missed
32.65,3,0.18020833333333333,1,made
0.2666666666666657,1,-0.49444444444444446,0,missed
0.36666666666666714,1,-0.4923611111111111,1,made
1.75,1,-0.4635416666666667,0,missed
3.566666666666663,1,-0.42569444444444454,0,missed
5.183333333333337,1,-0.39201388888888883,1,made
6.366666666666667,1,-0.3673611111111111,1,made
20.21666666666667,2,-0.0788194444444444,1,made
22.35,2,-0.03437499999999997,1,made
27.96666666666667,3,0.08263888888888893,0,missed
29.183333333333334,3,0.10798611111111112,1,made
30.8,3,0.1416666666666667,1,made
31.116666666666667,3,0.1482638888888889,1,made
1.6166666666666671,1,-0.46631944444444445,1,made
3.2333333333333343,1,-0.43263888888888885,0,missed
3.8500000000000014,1,-0.4197916666666666,0,missed
3.933333333333337,1,-0.41805555555555546,0,missed
4.516666666666666,1,-0.4059027777777778,1,made
5.25,1,-0.390625,0,missed
7.700000000000003,1,-0.3395833333333333,0,missed
8.649999999999999,1,-0.3197916666666667,0,missed
9.283333333333331,1,-0.30659722222222224,1,made
17.733333333333334,2,-0.13055555555555554,0,missed
20,2,-0.08333333333333333,1,made
22.2,2,-0.03750000000000001,1,made
22.666666666666668,2,-0.027777777777777752,0,missed
22.983333333333334,2,-0.021180555555555536,1,made
23.966666666666665,2,-6.94444444444479e-4,0,missed
27.65,3,0.07604166666666663,0,missed
29.733333333333334,3,0.11944444444444446,1,made
30.616666666666667,3,0.13784722222222223,0,missed
31.883333333333333,3,0.1642361111111111,0,missed
32.15,3,0.16979166666666667,1,made
34.5,3,0.21875,1,made
41.1,4,0.35625,0,missed
41.31666666666666,4,0.3607638888888889,0,missed
42.03333333333333,4,0.3756944444444444,0,missed
43.233333333333334,4,0.40069444444444446,1,made
43.71666666666667,4,0.41076388888888893,1,made
44.78333333333333,4,0.43298611111111107,1,made
0.46666666666666856,1,-0.49027777777777776,1,made
3.3500000000000014,1,-0.4302083333333333,0,missed
3.75,1,-0.421875,0,missed
6,1,-0.375,0,missed
8.18333333333333,1,-0.32951388888888894,1,made
9.833333333333336,1,-0.29513888888888884,0,missed
16.883333333333333,2,-0.1482638888888889,0,missed
20.45,2,-0.07395833333333335,1,made
25.583333333333336,3,0.03298611111111116,1,made
35.2,3,0.2333333333333333,0,missed
35.8,3,0.24583333333333335,1,made
35.96666666666667,3,0.24930555555555556,0,missed
42.56666666666666,4,0.38680555555555557,1,made
43.166666666666664,4,0.3993055555555556,1,made
43.61666666666667,4,0.40868055555555555,0,missed
45.583333333333336,4,0.44965277777777773,1,made
46.03333333333333,4,0.4590277777777778,1,made
0.21666666666666856,1,-0.49548611111111107,0,missed
6.716666666666669,1,-0.3600694444444444,0,missed
7.516666666666666,1,-0.3434027777777778,0,missed
8.033333333333331,1,-0.33263888888888893,0,missed
16,2,-0.16666666666666666,0,missed
16.633333333333333,2,-0.15347222222222223,1,made
19.066666666666666,2,-0.10277777777777779,1,made
25.483333333333334,3,0.030902777777777796,0,missed
28.21666666666667,3,0.08784722222222226,1,made
30.233333333333334,3,0.12986111111111112,1,made
31.583333333333332,3,0.15798611111111108,0,missed
32.11666666666667,3,0.16909722222222223,0,missed
32.56666666666666,3,0.17847222222222223,0,missed
41.516666666666666,4,0.36493055555555554,0,missed
43.733333333333334,4,0.41111111111111115,0,missed
1.1333333333333329,1,-0.4763888888888889,1,made
1.5833333333333357,1,-0.46701388888888884,0,missed
5.883333333333333,1,-0.37743055555555555,0,missed
8.533333333333331,1,-0.32222222222222224,0,missed
9.483333333333334,1,-0.30243055555555554,1,made
9.883333333333333,1,-0.29409722222222223,1,made
19.683333333333334,2,-0.08993055555555556,1,made
20.916666666666668,2,-0.06423611111111109,0,missed
22.45,2,-0.032291666666666684,1,made
25.583333333333336,3,0.03298611111111116,1,made
27.7,3,0.07708333333333332,0,missed
28.666666666666668,3,0.09722222222222225,0,missed
44.18333333333333,4,0.4204861111111111,1,made
45.4,4,0.4458333333333333,1,made
0.21666666666666856,1,-0.49548611111111107,0,missed
2.4833333333333343,1,-0.44826388888888885,0,missed
4.5,1,-0.40625,0,missed
5.516666666666666,1,-0.38506944444444446,0,missed
5.533333333333331,1,-0.38472222222222224,0,missed
19.3,2,-0.09791666666666665,0,missed
20.35,2,-0.07604166666666663,0,missed
21.25,2,-0.057291666666666664,1,made
23.266666666666666,2,-0.015277777777777798,1,made
25.53333333333333,3,0.03194444444444441,1,made
27.183333333333334,3,0.06631944444444444,0,missed
27.4,3,0.0708333333333333,1,made
30.016666666666666,3,0.1253472222222222,0,missed
31.566666666666666,3,0.15763888888888888,1,made
32.11666666666667,3,0.16909722222222223,0,missed
32.56666666666666,3,0.17847222222222223,0,missed
33.35,3,0.19479166666666667,0,missed
35.766666666666666,3,0.2451388888888889,1,made
4.216666666666669,1,-0.41215277777777776,0,missed
6.549999999999997,1,-0.3635416666666667,1,made
7.866666666666667,1,-0.3361111111111111,1,made
8.516666666666666,1,-0.32256944444444446,0,missed
9.350000000000001,1,-0.3052083333333333,1,made
9.966666666666669,1,-0.29236111111111107,1,made
11.450000000000003,1,-0.2614583333333333,1,made
11.93333333333333,1,-0.25138888888888894,0,missed
22.566666666666666,2,-0.029861111111111116,0,missed
22.566666666666666,2,-0.029861111111111116,1,made
22.966666666666665,2,-0.021527777777777812,1,made
23.95,2,-0.0010416666666666814,0,missed
25.083333333333336,3,0.022569444444444493,0,missed
26.05,3,0.04270833333333335,1,made
27.016666666666666,3,0.06284722222222221,1,made
31.1,3,0.1479166666666667,0,missed
33.233333333333334,3,0.19236111111111112,1,made
35.46666666666667,3,0.2388888888888889,0,missed
35.916666666666664,3,0.24826388888888887,0,missed
39.516666666666666,4,0.3232638888888889,1,made
40.56666666666666,4,0.3451388888888889,1,made
41.2,4,0.35833333333333334,1,made
42.083333333333336,4,0.3767361111111111,0,missed
43.3,4,0.40208333333333335,1,made
44.35,4,0.4239583333333334,1,made
45.11666666666667,4,0.43993055555555555,0,missed
45.56666666666667,4,0.44930555555555557,0,missed
46.06666666666667,4,0.4597222222222222,0,missed
0.7999999999999972,1,-0.4833333333333334,1,made
1.7166666666666686,1,-0.46423611111111107,1,made
2.5166666666666657,1,-0.44756944444444446,1,made
3.2333333333333343,1,-0.43263888888888885,1,made
4.716666666666669,1,-0.40173611111111107,1,made
6.149999999999999,1,-0.371875,0,missed
7.850000000000001,1,-0.3364583333333333,1,made
8.766666666666666,1,-0.31736111111111115,1,made
9.533333333333331,1,-0.30138888888888893,0,missed
10.799999999999997,1,-0.2750000000000001,1,made
16.6,2,-0.15416666666666665,0,missed
18,2,-0.125,1,made
19.016666666666666,2,-0.10381944444444446,1,made
21.9,2,-0.04375000000000003,1,made
23.9,2,-0.002083333333333363,0,missed
24.383333333333333,3,0.007986111111111102,0,missed
25.566666666666666,3,0.032638888888888884,0,missed
27.28333333333333,3,0.06840277777777774,0,missed
27.666666666666664,3,0.07638888888888884,1,made
30.183333333333334,3,0.12881944444444446,1,made
31.733333333333334,3,0.16111111111111112,1,made
34.166666666666664,3,0.21180555555555555,0,missed
35.166666666666664,3,0.23263888888888887,0,missed
35.983333333333334,3,0.24965277777777775,0,missed
41.1,4,0.35625,1,made
41.733333333333334,4,0.36944444444444446,0,missed
42.05,4,0.37604166666666666,1,made
43.56666666666666,4,0.4076388888888889,1,made
44.25,4,0.421875,0,missed
46.266666666666666,4,0.46388888888888885,1,made
0.7333333333333343,1,-0.4847222222222222,0,missed
1.9333333333333371,1,-0.45972222222222214,1,made
6.716666666666669,1,-0.3600694444444444,0,missed
8.033333333333331,1,-0.33263888888888893,1,made
8.850000000000001,1,-0.315625,1,made
10.649999999999999,1,-0.278125,0,missed
11.916666666666664,1,-0.25173611111111116,0,missed
17.71666666666667,2,-0.13090277777777773,1,made
25.53333333333333,3,0.03194444444444441,0,missed
29.933333333333334,3,0.12361111111111112,1,made
31.8,3,0.1625,0,missed
33.35,3,0.19479166666666667,1,made
35.2,3,0.2333333333333333,0,missed
45.71666666666667,4,0.4524305555555556,1,made
47.05,4,0.48020833333333335,1,made
1.0499999999999972,1,-0.4781250000000001,1,made
2.2666666666666657,1,-0.4527777777777778,0,missed
2.816666666666663,1,-0.44131944444444454,1,made
4.483333333333334,1,-0.4065972222222222,0,missed
5.366666666666667,1,-0.38819444444444445,1,made
5.866666666666667,1,-0.37777777777777777,0,missed
7.083333333333336,1,-0.3524305555555555,0,missed
8.5,1,-0.3229166666666667,0,missed
18.183333333333334,2,-0.12118055555555556,0,missed
18.65,2,-0.11145833333333337,0,missed
19.71666666666667,2,-0.08923611111111107,1,made
21.233333333333334,2,-0.05763888888888887,0,missed
27.183333333333334,3,0.06631944444444444,0,missed
29.433333333333334,3,0.11319444444444444,0,missed
32.63333333333333,3,0.1798611111111111,1,made
45.233333333333334,4,0.44236111111111115,0,missed
1.1666666666666643,1,-0.4756944444444445,0,missed
2.316666666666663,1,-0.45173611111111117,1,made
3.1666666666666643,1,-0.43402777777777785,0,missed
4.716666666666669,1,-0.40173611111111107,1,made
7.25,1,-0.3489583333333333,1,made
8.649999999999999,1,-0.3197916666666667,0,missed
16.816666666666666,2,-0.14965277777777777,0,missed
17.65,2,-0.1322916666666667,0,missed
19.46666666666667,2,-0.0944444444444444,1,made
20.383333333333333,2,-0.07534722222222223,1,made
21.066666666666666,2,-0.061111111111111116,1,made
22.483333333333334,2,-0.0315972222222222,0,missed
23.55,2,-0.009374999999999986,1,made
25.96666666666667,3,0.040972222222222264,0,missed
27.55,3,0.07395833333333335,1,made
27.866666666666667,3,0.08055555555555556,1,made
28.6,3,0.09583333333333337,1,made
29.71666666666667,3,0.11909722222222226,0,missed
30.2,3,0.12916666666666665,1,made
31.366666666666667,3,0.15347222222222223,0,missed
32.266666666666666,3,0.1722222222222222,0,missed
40.36666666666667,4,0.34097222222222223,0,missed
40.983333333333334,4,0.35381944444444446,0,missed
42.9,4,0.39375,1,made
43.6,4,0.4083333333333334,0,missed
44.11666666666667,4,0.41909722222222223,0,missed
45.15,4,0.440625,0,missed
46.4,4,0.4666666666666666,1,made
47.28333333333333,4,0.4850694444444445,0,missed
47.56666666666667,4,0.4909722222222222,0,missed
0.6166666666666671,1,-0.48715277777777777,0,missed
1.8333333333333357,1,-0.4618055555555555,0,missed
3.0166666666666657,1,-0.4371527777777778,0,missed
4.366666666666667,1,-0.40902777777777777,0,missed
5.600000000000001,1,-0.3833333333333333,0,missed
6.600000000000001,1,-0.3625,1,made
8.31666666666667,1,-0.32673611111111106,1,made
18.9,2,-0.10625000000000002,1,made
23.066666666666666,2,-0.019444444444444448,0,missed
26.95,3,0.061458333333333316,0,missed
27.566666666666666,3,0.07430555555555556,0,missed
29.016666666666666,3,0.10451388888888886,0,missed
30.166666666666668,3,0.12847222222222224,0,missed
30.78333333333333,3,0.14131944444444441,0,missed
31.2,3,0.15,0,missed
32.88333333333333,3,0.18506944444444443,0,missed
40.6,4,0.3458333333333334,1,made
41.1,4,0.35625,0,missed
41.38333333333333,4,0.36215277777777777,0,missed
42.88333333333333,4,0.39340277777777777,1,made
43.86666666666667,4,0.4138888888888889,1,made
46.666666666666664,4,0.47222222222222227,1,made
0.5166666666666657,1,-0.48923611111111115,0,missed
2.25,1,-0.453125,0,missed
3.5333333333333314,1,-0.42638888888888893,0,missed
4.5,1,-0.40625,0,missed
6.083333333333336,1,-0.37326388888888884,1,made
8.766666666666666,1,-0.31736111111111115,1,made
10.100000000000001,1,-0.2895833333333333,0,missed
17.616666666666667,2,-0.1329861111111111,0,missed
20.1,2,-0.08124999999999998,0,missed
21.95,2,-0.04270833333333335,0,missed
22.816666666666666,2,-0.024652777777777784,0,missed
24.7,3,0.014583333333333318,1,made
26.633333333333333,3,0.054861111111111104,0,missed
27.366666666666667,3,0.0701388888888889,1,made
28.4,3,0.09166666666666663,0,missed
30.566666666666666,3,0.13680555555555554,0,missed
31.78333333333333,3,0.16215277777777773,1,made
32.666666666666664,3,0.18055555555555555,0,missed
34.06666666666666,3,0.20972222222222223,1,made
35.81666666666666,3,0.24618055555555554,0,missed
43.916666666666664,4,0.4149305555555556,0,missed
44.55,4,0.42812500000000003,0,missed
44.8,4,0.43333333333333335,1,made
45.25,4,0.4427083333333333,0,missed
46.96666666666667,4,0.4784722222222222,0,missed
47.93333333333333,4,0.4986111111111111,0,missed
4.916666666666664,1,-0.3975694444444445,1,made
5.816666666666663,1,-0.37881944444444454,1,made
6.5,1,-0.3645833333333333,0,missed
7.316666666666663,1,-0.34756944444444454,0,missed
7.516666666666666,1,-0.3434027777777778,0,missed
9.866666666666667,1,-0.29444444444444445,1,made
11.483333333333334,1,-0.26076388888888885,1,made
19.4,2,-0.09583333333333337,0,missed
21.633333333333333,2,-0.04930555555555557,0,missed
22.116666666666667,2,-0.039236111111111104,0,missed
27.03333333333333,3,0.0631944444444444,1,made
31.75,3,0.16145833333333334,1,made
33.6,3,0.19999999999999998,1,made
34.36666666666667,3,0.21597222222222223,0,missed
43.5,4,0.40625,1,made
46.71666666666667,4,0.4732638888888889,0,missed
1.2166666666666686,1,-0.47465277777777776,1,made
1.5166666666666657,1,-0.4684027777777778,0,missed
3.7833333333333314,1,-0.4211805555555556,0,missed
5.433333333333337,1,-0.38680555555555546,0,missed
7.866666666666667,1,-0.3361111111111111,0,missed
17.25,2,-0.140625,0,missed
17.866666666666667,2,-0.12777777777777777,0,missed
23.833333333333332,2,-0.0034722222222222467,1,made
26.516666666666666,3,0.052430555555555536,0,missed
27.05,3,0.06354166666666668,0,missed
27.366666666666667,3,0.0701388888888889,1,made
28.6,3,0.09583333333333337,1,made
29.733333333333334,3,0.11944444444444446,0,missed
30.883333333333333,3,0.14340277777777777,0,missed
31.866666666666667,3,0.1638888888888889,1,made
32.55,3,0.178125,1,made
33.03333333333333,3,0.18819444444444444,0,missed
33.71666666666667,3,0.20243055555555556,1,made
34.1,3,0.21041666666666667,1,made
35.083333333333336,3,0.2309027777777778,0,missed
35.93333333333334,3,0.24861111111111112,0,missed
46.233333333333334,4,0.46319444444444446,0,missed
47.55,4,0.49062500000000003,1,made
0.3166666666666629,1,-0.49340277777777786,0,missed
2.4166666666666643,1,-0.44965277777777785,1,made
5.25,1,-0.390625,0,missed
5.350000000000001,1,-0.3885416666666666,0,missed
8.600000000000001,1,-0.3208333333333333,1,made
9.033333333333331,1,-0.3118055555555556,0,missed
19.116666666666667,2,-0.1017361111111111,1,made
22.466666666666665,2,-0.03194444444444448,0,missed
22.883333333333333,2,-0.0232638888888889,0,missed
27,3,0.0625,1,made
27.6,3,0.07500000000000002,0,missed
30,3,0.125,0,missed
30.366666666666667,3,0.1326388888888889,1,made
42.86666666666667,4,0.39305555555555555,1,made
45.766666666666666,4,0.4534722222222222,1,made
46.166666666666664,4,0.4618055555555556,1,made
4.216666666666669,1,-0.41215277777777776,0,missed
5.566666666666663,1,-0.38402777777777786,1,made
6.716666666666669,1,-0.3600694444444444,1,made
7.450000000000003,1,-0.3447916666666666,0,missed
8.850000000000001,1,-0.315625,1,made
9.06666666666667,1,-0.31111111111111106,1,made
9.600000000000001,1,-0.3,0,missed
20.883333333333333,2,-0.06493055555555556,1,made
21.53333333333333,2,-0.05138888888888893,1,made
22.15,2,-0.038541666666666696,0,missed
28.416666666666668,3,0.09201388888888891,0,missed
30.1,3,0.12708333333333335,1,made
1.3166666666666629,1,-0.47256944444444454,1,made
2.7166666666666686,1,-0.44340277777777776,0,missed
3.133333333333333,1,-0.43472222222222223,1,made
8.233333333333334,1,-0.3284722222222222,0,missed
8.766666666666666,1,-0.31736111111111115,1,made
17.15,2,-0.14270833333333335,0,missed
18.333333333333332,2,-0.11805555555555558,0,missed
18.8,2,-0.10833333333333332,1,made
22.116666666666667,2,-0.039236111111111104,0,missed
24,2,-0,1,made
26.85,3,0.05937500000000003,0,missed
28.683333333333334,3,0.09756944444444444,0,missed
29.78333333333333,3,0.12048611111111107,0,missed
30.733333333333334,3,0.1402777777777778,1,made
32.4,3,0.17500000000000002,1,made
33.766666666666666,3,0.2034722222222222,0,missed
38.55,4,0.30312500000000003,0,missed
43.2,4,0.39999999999999997,0,missed
45.18333333333333,4,0.44131944444444443,0,missed
6.450000000000003,1,-0.3656249999999999,0,missed
7.183333333333337,1,-0.35034722222222214,1,made
7.783333333333331,1,-0.33784722222222224,1,made
9.266666666666666,1,-0.30694444444444446,0,missed
9.850000000000001,1,-0.2947916666666666,0,missed
15.883333333333333,2,-0.16909722222222223,0,missed
16.25,2,-0.16145833333333334,0,missed
22.233333333333334,2,-0.036805555555555536,1,made
24.46666666666667,3,0.009722222222222262,1,made
25.516666666666666,3,0.0315972222222222,0,missed
29.166666666666668,3,0.10763888888888891,1,made
36.63333333333333,4,0.26319444444444445,1,made
41.93333333333334,4,0.3736111111111111,0,missed
0.9333333333333371,1,-0.48055555555555546,1,made
9.416666666666664,1,-0.3038194444444445,1,made
21.96666666666667,2,-0.04236111111111107,0,missed
22.533333333333335,2,-0.03055555555555552,1,made
26.65,3,0.055208333333333304,0,missed
28.683333333333334,3,0.09756944444444444,1,made
29.6,3,0.1166666666666667,0,missed
30.166666666666668,3,0.12847222222222224,0,missed
31.433333333333334,3,0.15486111111111112,1,made
31.8,3,0.1625,1,made
34.35,3,0.21562499999999998,0,missed
42.166666666666664,4,0.37847222222222227,0,missed
42.6,4,0.3875,1,made
44.15,4,0.4197916666666666,1,made
45.416666666666664,4,0.4461805555555556,0,missed
46.983333333333334,4,0.47881944444444446,0,missed
47.81666666666667,4,0.49618055555555557,1,made
0.38333333333333286,1,-0.4920138888888889,0,missed
1.0499999999999972,1,-0.4781250000000001,0,missed
1.5333333333333314,1,-0.4680555555555556,0,missed
3.7666666666666657,1,-0.4215277777777778,1,made
4.766666666666666,1,-0.40069444444444446,0,missed
5.866666666666667,1,-0.37777777777777777,0,missed
6.833333333333336,1,-0.35763888888888884,0,missed
18.866666666666667,2,-0.10694444444444444,1,made
20.133333333333333,2,-0.08055555555555556,0,missed
26.066666666666666,3,0.04305555555555555,0,missed
27.866666666666667,3,0.08055555555555556,0,missed
29.71666666666667,3,0.11909722222222226,1,made
31.266666666666666,3,0.15138888888888888,0,missed
31.95,3,0.165625,0,missed
33.166666666666664,3,0.1909722222222222,0,missed
33.6,3,0.19999999999999998,0,missed
40.93333333333334,4,0.3527777777777778,0,missed
43.18333333333334,4,0.3996527777777778,0,missed
44.2,4,0.42083333333333334,0,missed
1.1000000000000014,1,-0.4770833333333333,0,missed
2.3999999999999986,1,-0.45,0,missed
2.4166666666666643,1,-0.44965277777777785,0,missed
5.649999999999999,1,-0.3822916666666667,0,missed
6.899999999999999,1,-0.35625,0,missed
8.016666666666666,1,-0.33298611111111115,1,made
8.416666666666664,1,-0.32465277777777785,1,made
9.81666666666667,1,-0.29548611111111106,0,missed
10.950000000000003,1,-0.2718749999999999,0,missed
19.65,2,-0.09062500000000002,0,missed
21.2,2,-0.05833333333333335,0,missed
22.583333333333332,2,-0.029513888888888912,1,made
23.083333333333332,2,-0.019097222222222248,1,made
23.95,2,-0.0010416666666666814,0,missed
24.266666666666666,3,0.005555555555555536,1,made
25.233333333333334,3,0.025694444444444464,0,missed
26.35,3,0.04895833333333336,0,missed
26.7,3,0.05624999999999999,0,missed
27.05,3,0.06354166666666668,0,missed
29.35,3,0.11145833333333337,0,missed
33.56666666666666,3,0.19930555555555554,0,missed
0.6333333333333329,1,-0.48680555555555555,1,made
1.25,1,-0.4739583333333333,0,missed
1.7333333333333343,1,-0.46388888888888885,1,made
4.033333333333331,1,-0.41597222222222224,0,missed
5.850000000000001,1,-0.378125,0,missed
6.416666666666664,1,-0.3663194444444445,1,made
7.883333333333333,1,-0.3357638888888889,0,missed
8.850000000000001,1,-0.315625,0,missed
15.966666666666669,2,-0.16736111111111107,0,missed
19.166666666666668,2,-0.10069444444444442,0,missed
20.2,2,-0.07916666666666668,1,made
21.3,2,-0.05624999999999999,0,missed
22.016666666666666,2,-0.041319444444444464,1,made
23.416666666666668,2,-0.012152777777777754,0,missed
24,2,-0,0,missed
26.333333333333336,3,0.04861111111111116,1,made
39.18333333333334,4,0.31631944444444443,1,made
40.7,4,0.34791666666666665,0,missed
43.1,4,0.3979166666666667,0,missed
44,4,0.4166666666666667,0,missed
45.266666666666666,4,0.44305555555555554,1,made
47.28333333333333,4,0.4850694444444445,0,missed
47.56666666666667,4,0.4909722222222222,0,missed
2.433333333333337,1,-0.44930555555555546,1,made
3.433333333333337,1,-0.42847222222222214,0,missed
5.133333333333333,1,-0.39305555555555555,1,made
8.049999999999997,1,-0.3322916666666667,1,made
8.783333333333331,1,-0.31701388888888893,1,made
9.216666666666669,1,-0.30798611111111107,0,missed
16.166666666666668,2,-0.16319444444444442,0,missed
16.78333333333333,2,-0.15034722222222227,0,missed
17.6,2,-0.1333333333333333,0,missed
19.53333333333333,2,-0.0930555555555556,0,missed
23.1,2,-0.01874999999999997,0,missed
23.5,2,-0.010416666666666666,0,missed
23.866666666666667,2,-0.002777777777777768,1,made
2.7333333333333343,1,-0.44305555555555554,0,missed
7.299999999999997,1,-0.3479166666666667,0,missed
7.866666666666667,1,-0.3361111111111111,0,missed
9.733333333333334,1,-0.2972222222222222,0,missed
10.283333333333331,1,-0.28576388888888893,0,missed
18.8,2,-0.10833333333333332,1,made
19.05,2,-0.10312499999999998,1,made
19.666666666666668,2,-0.09027777777777775,0,missed
21.016666666666666,2,-0.0621527777777778,0,missed
21.383333333333333,2,-0.054513888888888896,0,missed
24.766666666666666,3,0.015972222222222204,0,missed
26.566666666666666,3,0.05347222222222222,1,made
29.316666666666666,3,0.11076388888888888,1,made
30.3,3,0.13125,0,missed
31.266666666666666,3,0.15138888888888888,0,missed
31.6,3,0.15833333333333335,0,missed
33.7,3,0.2020833333333333,0,missed
39.18333333333334,4,0.31631944444444443,0,missed
40.416666666666664,4,0.3420138888888889,0,missed
43.25,4,0.4010416666666667,1,made
43.833333333333336,4,0.4131944444444444,1,made
46.21666666666667,4,0.4628472222222222,0,missed
46.666666666666664,4,0.47222222222222227,0,missed
0.9166666666666643,1,-0.48090277777777785,1,made
2.3500000000000014,1,-0.4510416666666666,1,made
3.7666666666666657,1,-0.4215277777777778,0,missed
3.933333333333337,1,-0.41805555555555546,1,made
5.616666666666667,1,-0.3829861111111111,0,missed
6.200000000000003,1,-0.3708333333333333,1,made
8.766666666666666,1,-0.31736111111111115,1,made
17.616666666666667,2,-0.1329861111111111,1,made
19.583333333333332,2,-0.09201388888888891,1,made
20.5,2,-0.07291666666666667,0,missed
21.15,2,-0.05937500000000003,0,missed
24.78333333333333,3,0.016319444444444404,0,missed
25.266666666666666,3,0.026388888888888868,0,missed
26.85,3,0.05937500000000003,0,missed
27.4,3,0.0708333333333333,0,missed
28.25,3,0.08854166666666667,1,made
28.916666666666668,3,0.10243055555555558,1,made
30.116666666666667,3,0.12743055555555557,1,made
31.95,3,0.165625,1,made
32.516666666666666,3,0.17743055555555554,0,missed
33.266666666666666,3,0.19305555555555554,0,missed
6.166666666666664,1,-0.37152777777777785,0,missed
6.899999999999999,1,-0.35625,0,missed
8.416666666666664,1,-0.32465277777777785,0,missed
15.983333333333334,2,-0.16701388888888888,1,made
16.3,2,-0.16041666666666665,0,missed
16.96666666666667,2,-0.14652777777777773,0,missed
17.45,2,-0.13645833333333335,0,missed
18.183333333333334,2,-0.12118055555555556,0,missed
19.066666666666666,2,-0.10277777777777779,1,made
19.366666666666667,2,-0.09652777777777777,1,made
20.616666666666667,2,-0.0704861111111111,0,missed
22.366666666666667,2,-0.03402777777777777,0,missed
22.416666666666668,2,-0.032986111111111084,1,made
23.05,2,-0.019791666666666652,0,missed
23.45,2,-0.011458333333333348,1,made
26.15,3,0.04479166666666664,1,made
26.566666666666666,3,0.05347222222222222,0,missed
28.05,3,0.08437500000000002,1,made
28.85,3,0.1010416666666667,0,missed
29.366666666666667,3,0.11180555555555556,1,made
31.8,3,0.1625,1,made
32.78333333333333,3,0.1829861111111111,0,missed
39.583333333333336,4,0.3246527777777778,1,made
40.083333333333336,4,0.3350694444444444,1,made
41.93333333333334,4,0.3736111111111111,1,made
43.13333333333333,4,0.3986111111111111,1,made
43.6,4,0.4083333333333334,1,made
44.28333333333333,4,0.4225694444444444,0,missed
0.7333333333333343,1,-0.4847222222222222,1,made
1.1333333333333329,1,-0.4763888888888889,0,missed
3.3500000000000014,1,-0.4302083333333333,0,missed
4.433333333333337,1,-0.40763888888888883,1,made
6.549999999999997,1,-0.3635416666666667,0,missed
7.483333333333334,1,-0.3440972222222222,1,made
8.033333333333331,1,-0.33263888888888893,0,missed
16.516666666666666,2,-0.1559027777777778,0,missed
17.266666666666666,2,-0.1402777777777778,1,made
18.683333333333334,2,-0.11076388888888888,0,missed
19.083333333333332,2,-0.10243055555555558,1,made
20.05,2,-0.08229166666666665,0,missed
20.066666666666666,2,-0.08194444444444444,0,missed
20.6,2,-0.0708333333333333,1,made
22.866666666666667,2,-0.0236111111111111,1,made
23.433333333333334,2,-0.01180555555555555,1,made
25.21666666666667,3,0.02534722222222226,0,missed
26.616666666666667,3,0.054513888888888896,0,missed
27.733333333333334,3,0.07777777777777779,0,missed
28.483333333333334,3,0.09340277777777779,0,missed
29.616666666666667,3,0.1170138888888889,1,made
31.016666666666666,3,0.14618055555555554,1,made
41.31666666666666,4,0.3607638888888889,0,missed
41.666666666666664,4,0.3680555555555556,1,made
42.9,4,0.39375,1,made
43.46666666666667,4,0.4055555555555556,0,missed
45.416666666666664,4,0.4461805555555556,0,missed
46.3,4,0.46458333333333335,0,missed
47.233333333333334,4,0.4840277777777778,1,made
47.983333333333334,4,0.4996527777777778,0,missed
0.7333333333333343,1,-0.4847222222222222,1,made
3.9833333333333343,1,-0.41701388888888885,1,made
5.950000000000003,1,-0.3760416666666666,0,missed
7.549999999999997,1,-0.3427083333333334,1,made
8.68333333333333,1,-0.3190972222222223,0,missed
9.06666666666667,1,-0.31111111111111106,1,made
16.25,2,-0.16145833333333334,1,made
16.71666666666667,2,-0.15173611111111107,0,missed
21.46666666666667,2,-0.052777777777777736,0,missed
22,2,-0.041666666666666664,0,missed
22.133333333333333,2,-0.038888888888888896,0,missed
23.016666666666666,2,-0.020486111111111132,1,made
23.9,2,-0.002083333333333363,0,missed
26.933333333333334,3,0.061111111111111116,0,missed
27.35,3,0.0697916666666667,0,missed
29.883333333333333,3,0.12256944444444444,0,missed
30.21666666666667,3,0.12951388888888893,1,made
31.433333333333334,3,0.15486111111111112,1,made
40.3,4,0.33958333333333335,1,made
44.18333333333333,4,0.4204861111111111,1,made
45.3,4,0.44375000000000003,0,missed
45.43333333333333,4,0.4465277777777778,0,missed
46.03333333333333,4,0.4590277777777778,0,missed
47.21666666666667,4,0.4836805555555555,0,missed
47.38333333333333,4,0.48715277777777777,0,missed
47.93333333333333,4,0.4986111111111111,0,missed
0.23333333333333428,1,-0.49513888888888885,0,missed
1.5499999999999972,1,-0.4677083333333334,0,missed
4.799999999999997,1,-0.4000000000000001,0,missed
5.266666666666666,1,-0.3902777777777778,1,made
6.600000000000001,1,-0.3625,1,made
8.466666666666669,1,-0.32361111111111107,0,missed
22.3,2,-0.03541666666666665,1,made
22.783333333333335,2,-0.025347222222222188,0,missed
23.85,2,-0.0031249999999999702,1,made
26.266666666666666,3,0.0472222222222222,0,missed
27.71666666666667,3,0.0774305555555556,1,made
29.85,3,0.12187500000000002,0,missed
31.183333333333334,3,0.14965277777777777,1,made
39.55,4,0.32395833333333335,0,missed
40.53333333333333,4,0.3444444444444444,0,missed
41.38333333333333,4,0.36215277777777777,1,made
42.63333333333333,4,0.38819444444444445,0,missed
43.38333333333333,4,0.40381944444444445,1,made
43.86666666666667,4,0.4138888888888889,0,missed
46.166666666666664,4,0.4618055555555556,0,missed
47.333333333333336,4,0.4861111111111111,1,made
47.75,4,0.4947916666666667,0,missed
0.8833333333333329,1,-0.48159722222222223,1,made
1.1666666666666643,1,-0.4756944444444445,0,missed
2.683333333333337,1,-0.44409722222222214,1,made
6.216666666666669,1,-0.37048611111111107,1,made
7.333333333333336,1,-0.34722222222222215,0,missed
8.149999999999999,1,-0.3302083333333334,1,made
8.616666666666667,1,-0.3204861111111111,0,missed
9.666666666666664,1,-0.29861111111111116,0,missed
10.466666666666669,1,-0.2819444444444444,0,missed
11.850000000000001,1,-0.253125,0,missed
17.15,2,-0.14270833333333335,0,missed
21.433333333333334,2,-0.05347222222222222,0,missed
26.316666666666666,3,0.048263888888888884,0,missed
28.616666666666667,3,0.09618055555555556,0,missed
29.066666666666666,3,0.10555555555555556,0,missed
30.016666666666666,3,0.1253472222222222,1,made
32.93333333333334,3,0.18611111111111112,1,made
33.55,3,0.19895833333333335,0,missed
35.9,3,0.24791666666666667,1,made
40.166666666666664,4,0.3368055555555556,1,made
40.583333333333336,4,0.3454861111111111,0,missed
40.93333333333334,4,0.3527777777777778,1,made
41.5,4,0.3645833333333333,0,missed
42.7,4,0.38958333333333334,1,made
43.06666666666666,4,0.3972222222222222,0,missed
43.6,4,0.4083333333333334,0,missed
44.96666666666667,4,0.4368055555555556,1,made
46.166666666666664,4,0.4618055555555556,0,missed
46.766666666666666,4,0.47430555555555554,0,missed
47.81666666666667,4,0.49618055555555557,0,missed
0.29999999999999716,1,-0.4937500000000001,1,made
3.183333333333337,1,-0.43368055555555546,0,missed
4,1,-0.4166666666666667,1,made
5.700000000000003,1,-0.3812499999999999,1,made
6.100000000000001,1,-0.3729166666666666,0,missed
7.683333333333337,1,-0.33993055555555546,1,made
18.5,2,-0.11458333333333333,0,missed
18.5,2,-0.11458333333333333,1,made
19.066666666666666,2,-0.10277777777777779,1,made
21.2,2,-0.05833333333333335,0,missed
23.45,2,-0.011458333333333348,0,missed
23.95,2,-0.0010416666666666814,0,missed
26.96666666666667,3,0.06180555555555559,1,made
27.816666666666666,3,0.07951388888888888,0,missed
30.816666666666666,3,0.14201388888888888,0,missed
41.46666666666667,4,0.36388888888888893,1,made
42.81666666666666,4,0.3920138888888889,0,missed
43.5,4,0.40625,1,made
44.916666666666664,4,0.4357638888888889,1,made
46.55,4,0.46979166666666666,1,made
5.850000000000001,1,-0.378125,1,made
7.25,1,-0.3489583333333333,1,made
7.666666666666664,1,-0.34027777777777785,1,made
8.200000000000003,1,-0.3291666666666666,0,missed
16.46666666666667,2,-0.15694444444444441,0,missed
17.433333333333334,2,-0.13680555555555554,0,missed
17.5,2,-0.13541666666666666,0,missed
18.15,2,-0.12187500000000002,0,missed
18.733333333333334,2,-0.10972222222222221,1,made
19.55,2,-0.09270833333333332,1,made
19.983333333333334,2,-0.08368055555555554,1,made
21.583333333333332,2,-0.050347222222222245,1,made
23.283333333333335,2,-0.014930555555555522,0,missed
25.666666666666664,3,0.034722222222222175,0,missed
26.96666666666667,3,0.06180555555555559,0,missed
29.016666666666666,3,0.10451388888888886,0,missed
29.916666666666668,3,0.12326388888888891,0,missed
32.6,3,0.17916666666666667,0,missed
1.6333333333333329,1,-0.46597222222222223,1,made
3.7833333333333314,1,-0.4211805555555556,0,missed
6.466666666666669,1,-0.36527777777777776,0,missed
7.583333333333336,1,-0.34201388888888884,1,made
8.81666666666667,1,-0.3163194444444444,1,made
9.399999999999999,1,-0.3041666666666667,0,missed
17.833333333333332,2,-0.12847222222222224,1,made
18.7,2,-0.11041666666666668,0,missed
21.133333333333333,2,-0.05972222222222223,1,made
22.55,2,-0.03020833333333332,1,made
23.95,2,-0.0010416666666666814,0,missed
24.733333333333334,3,0.015277777777777798,0,missed
29.03333333333333,3,0.10486111111111107,1,made
32.083333333333336,3,0.1684027777777778,1,made
33.43333333333334,3,0.19652777777777777,1,made
34.03333333333333,3,0.20902777777777778,1,made
41.21666666666667,4,0.3586805555555556,0,missed
43.5,4,0.40625,1,made
44.7,4,0.43124999999999997,1,made
2.116666666666667,1,-0.45590277777777777,1,made
2.5833333333333357,1,-0.4461805555555555,1,made
2.9666666666666686,1,-0.4381944444444444,1,made
4.733333333333334,1,-0.40138888888888885,0,missed
6.516666666666666,1,-0.36423611111111115,0,missed
7.416666666666664,1,-0.34548611111111116,1,made
8.81666666666667,1,-0.3163194444444444,1,made
17.516666666666666,2,-0.13506944444444446,1,made
21.866666666666667,2,-0.04444444444444443,1,made
22.45,2,-0.032291666666666684,0,missed
22.716666666666665,2,-0.026736111111111144,1,made
26.666666666666664,3,0.055555555555555504,0,missed
27.266666666666666,3,0.06805555555555554,0,missed
28.96666666666667,3,0.10347222222222226,0,missed
29.78333333333333,3,0.12048611111111107,1,made
31.65,3,0.15937499999999996,0,missed
32.81666666666666,3,0.18368055555555554,0,missed
39.88333333333333,4,0.33090277777777777,0,missed
39.983333333333334,4,0.3329861111111111,1,made
40.36666666666667,4,0.34097222222222223,1,made
41.13333333333333,4,0.35694444444444445,0,missed
42.583333333333336,4,0.38715277777777773,0,missed
45,4,0.4375,1,made
45.61666666666667,4,0.45034722222222223,0,missed
0.5166666666666657,1,-0.48923611111111115,1,made
1.7333333333333343,1,-0.46388888888888885,0,missed
3.383333333333333,1,-0.4295138888888889,0,missed
5.833333333333336,1,-0.37847222222222215,1,made
6.399999999999999,1,-0.3666666666666667,0,missed
9.166666666666664,1,-0.30902777777777785,1,made
20.016666666666666,2,-0.08298611111111114,0,missed
20.266666666666666,2,-0.07777777777777779,1,made
21.05,2,-0.061458333333333316,1,made
23.5,2,-0.010416666666666666,1,made
23.933333333333334,2,-0.001388888888888884,0,missed
26.78333333333333,3,0.05798611111111107,0,missed
27.566666666666666,3,0.07430555555555556,1,made
31.28333333333333,3,0.15173611111111107,0,missed
32.1,3,0.16874999999999998,0,missed
32.666666666666664,3,0.18055555555555555,1,made
1.3500000000000014,1,-0.471875,0,missed
2.116666666666667,1,-0.45590277777777777,0,missed
4.983333333333334,1,-0.39618055555555554,1,made
6.083333333333336,1,-0.37326388888888884,0,missed
6.316666666666663,1,-0.36840277777777786,1,made
6.833333333333336,1,-0.35763888888888884,0,missed
8.583333333333336,1,-0.3211805555555555,1,made
17.71666666666667,2,-0.13090277777777773,1,made
23.4,2,-0.01250000000000003,0,missed
25.733333333333334,3,0.03611111111111113,0,missed
27.75,3,0.078125,1,made
28.7,3,0.09791666666666665,1,made
29.71666666666667,3,0.11909722222222226,0,missed
31.46666666666667,3,0.15555555555555559,1,made
32.65,3,0.18020833333333333,1,made
40.333333333333336,4,0.34027777777777773,0,missed
41.333333333333336,4,0.3611111111111111,1,made
45.38333333333333,4,0.4454861111111111,0,missed
47.78333333333333,4,0.4954861111111111,0,missed
1.3999999999999986,1,-0.4708333333333334,0,missed
2.6000000000000014,1,-0.4458333333333333,0,missed
5.266666666666666,1,-0.3902777777777778,1,made
6.549999999999997,1,-0.3635416666666667,1,made
8.666666666666664,1,-0.3194444444444445,1,made
16.883333333333333,2,-0.1482638888888889,0,missed
18.916666666666668,2,-0.10590277777777775,1,made
21.1,2,-0.06041666666666664,1,made
23.15,2,-0.017708333333333364,1,made
23.45,2,-0.011458333333333348,0,missed
23.966666666666665,2,-6.94444444444479e-4,0,missed
25.916666666666664,3,0.039930555555555504,1,made
27.03333333333333,3,0.0631944444444444,1,made
31.116666666666667,3,0.1482638888888889,0,missed
4.016666666666666,1,-0.41631944444444446,0,missed
4.466666666666669,1,-0.4069444444444444,0,missed
5.616666666666667,1,-0.3829861111111111,0,missed
7.783333333333331,1,-0.33784722222222224,0,missed
8.200000000000003,1,-0.3291666666666666,0,missed
17.366666666666667,2,-0.13819444444444443,0,missed
20.983333333333334,2,-0.06284722222222221,1,made
21.333333333333332,2,-0.05555555555555558,0,missed
21.816666666666666,2,-0.045486111111111116,1,made
22.716666666666665,2,-0.026736111111111144,0,missed
27.2,3,0.06666666666666665,1,made
27.75,3,0.078125,1,made
29.15,3,0.10729166666666663,0,missed
30.1,3,0.12708333333333335,1,made
32.6,3,0.17916666666666667,0,missed
32.85,3,0.18437499999999998,0,missed
43.36666666666667,4,0.40347222222222223,1,made
45.38333333333333,4,0.4454861111111111,0,missed
46.96666666666667,4,0.4784722222222222,0,missed
47.13333333333333,4,0.48194444444444445,0,missed
2,1,-0.4583333333333333,1,made
2.9166666666666643,1,-0.43923611111111116,0,missed
3.383333333333333,1,-0.4295138888888889,1,made
6.216666666666669,1,-0.37048611111111107,1,made
7.166666666666664,1,-0.3506944444444445,1,made
7.666666666666664,1,-0.34027777777777785,1,made
8.216666666666669,1,-0.3288194444444444,1,made
17.083333333333332,2,-0.14409722222222224,0,missed
18.28333333333333,2,-0.11909722222222226,0,missed
18.9,2,-0.10625000000000002,1,made
23.383333333333333,2,-0.012847222222222232,1,made
25.53333333333333,3,0.03194444444444441,0,missed
26.133333333333333,3,0.04444444444444443,0,missed
26.71666666666667,3,0.056597222222222264,1,made
28.516666666666666,3,0.09409722222222221,1,made
30.816666666666666,3,0.14201388888888888,1,made
31.583333333333332,3,0.15798611111111108,1,made
0.38333333333333286,1,-0.4920138888888889,1,made
3.5166666666666657,1,-0.42673611111111115,0,missed
15.816666666666663,2,-0.1704861111111112,0,missed
0.25,1,-0.4947916666666667,0,missed
0.8666666666666671,1,-0.48194444444444445,1,made
2.5833333333333357,1,-0.4461805555555555,1,made
5.666666666666664,1,-0.3819444444444445,0,missed
6.25,1,-0.3697916666666667,0,missed
6.833333333333336,1,-0.35763888888888884,1,made
15.333333333333336,2,-0.1805555555555555,1,made
20.316666666666666,2,-0.07673611111111112,0,missed
21.75,2,-0.046875,1,made
23.983333333333334,2,-3.472222222222025e-4,1,made
27.916666666666664,3,0.08159722222222217,0,missed
28.516666666666666,3,0.09409722222222221,0,missed
28.916666666666668,3,0.10243055555555558,1,made
29.483333333333334,3,0.11423611111111114,0,missed
29.5,3,0.11458333333333333,1,made
30.6,3,0.13750000000000004,0,missed
30.96666666666667,3,0.14513888888888893,1,made
40.15,4,0.3364583333333333,0,missed
41.28333333333333,4,0.3600694444444444,1,made
41.983333333333334,4,0.3746527777777778,0,missed
44.166666666666664,4,0.4201388888888889,0,missed
